,0
Penggunaan DANA membuat aktivitas keuangan menjadi lebih fleksibel.,4.0
Saya merasa aplikasi DANA membuat transaksi menjadi lebih praktis.,4.26
"Dibandingkan dengan aplikasi e-wallet lainnya, saya merasa DANA memberikan keuntungan lebih dalam bertransaksi.",3.68
Saya yakin DANA dapat membantu saya dalam berbagai situasi pembayaran.,4.0
Saya merasa nyaman mengandalkan DANA untuk transaksi sehari-hari.,3.78
Perangkat yang saya gunakan mampu menjalankan aplikasi DANA dengan lancar.,4.2
Gangguan seperti lag atau error jarang terjadi saat menggunakan DANA.,3.44
Saya merasa bahwa penggunaan DANA tetap lancar meskipun spesifikasi perangkat tidak terlalu tinggi.,3.9
Perangkat saya mampu mengikuti pembaruan fitur pada DANA.,4.2
Saya dapat menggunakan DANA tanpa mengalami gangguan yang signifikan.,4.04
Fitur pada DANA dapat digunakan tanpa perlu membaca panduan terlebih dahulu.,3.98
Transaksi di aplikasi DANA dapat diselesaikan dengan mudah.,4.26
Saya dapat dengan mudah beradaptasi dengan fitur-fitur di aplikasi DANA meskipun ada fitur baru.,4.22
Penggunaan DANA tidak memerlukan usaha yang besar.,4.2
Tampilan aplikasi DANA memudahkan saya dalam mengoperasikannya.,4.26
Saya dapat menggunakan fitur-fitur di aplikasi DANA sesuai kebutuhan saya.,4.24
Berbagai jenis transaksi dapat dilakukan menggunakan DANA.,4.16
Saya sudah mencoba hampir seluruh fitur di aplikasi DANA.,3.3
"Berdasarkan pengalaman saya, penggunaan DANA dalam menyelesaikan transaksi berjalan lancar.",4.16
Kegagalan saat menggunakan DANA jarang terjadi.,3.76
